"Sphenodon bulbus","Sphenodon bulbus","Sphenodon bulbus","Dracoaves ignis","Dracoaves ignis","Dracoaves ignis","Geoemydes tormento","Geoemydes tormento","Geoemydes tormento","Aporia humidus","Aporia humidus","Aporia humidus","Vespa punctus","Vespa punctus","Vespa punctus","Falco machus","Falco machus","Falco machus","Rattus normalis (kantus, alolus)","Rattus normalis (kantus, alolus)","Passer rostro","Passer rostro","Naja ajans","Naja ajans","Mus pikalis (kantus, galarius)","Mus pikalis (kantus, alolus)","Manis rotis (kantus, alolus)","Manis rotis (kantus, alolus)","Arma toxis","Arma toxis","Arma toxis","Arma toxis","Arma toxis","Arma toxis","Unclassified","Unclassified","Vulpes novem","Vulpes novem","Lutens mollia","Lutens mollia","Desmodus cavus","Desmodus cavus","Oddium wanderus","Oddium wanderus","Oddium wanderus","Cicada cordyceps","Cicada cordyceps","Toxiseta nocturnis","Toxiseta nocturnis","Talpa triplex (kantus, alolus)","Talpa triplex (kantus, alolus)","Felis urbana (kantus, alolus, galarius)","Felis urbana (kantus, alolus, galarius)","Anas kappus","Anas kappus","Cercopithus irritabilis","Cercopithus irritabilis","Canis legendaris","Canis legendaris","Hyla crocus","Hyla crocus","Hyla crocus","Vulpes prudens","Vulpes prudens","Vulpes prudens","Similis musculus","Similis musculus","Similis musculus","Nepenthes sirupus","Nepenthes sirupus","Nepenthes sirupus","Pelagia fluitus","Pelagia fluitus","Petra volumens (kantus, alolus)","Petra volumens (kantus, alolus)","Petra volumens (kantus, alolus)","Equus flamus (kantus, galarius)","Equus flamus (kantus, galarius)","Andrias tardus","Andrias tardus","Electricus patella","Electricus patella","Anas allium (kantus, galarius)","Struthio squabilis","Struthio squabilis","Sirenus arbilla","Sirenus arbilla","Toxodictyostelium putridus (kantus, alolus)","Toxodictyostelium putridus (kantus, alolus)","Spondylus spica","Spondylus spica","Vestibulus umbra","Vestibulus umbra","Vestibulus umbra","Petra vermis","Tapirus hypnos","Tapirus hypnos","Uca cancera","Uca cancera","Electricus crepitus","Electricus crepitus","Cocos ovulum (kantus, alolus)","Cocos ovulum (kantus, alolus)","Osteogera solum (kantus, alolus)","Osteogera solum (kantus, alolus)","Similis practicum","Similis practicum","Adiposa lingua","Vapos fumiga (kantus, galarius)","Vapos fumiga (kantus, galarius)","Rhinoceros armatus","Rhinoceros armatus","Ova felicitas","Hedera vitis","Macropus matera","Hippocampus vortex","Hippocampus vortex","Carassius vibrans","Carassius vibrans","Luminaster stellata","Luminaster stellata","Similis mimus (kantus, galeries)","Mantinae falces","Similis suava","Gorilla tridentum","Adiposa magmus","Lucanus pincis","Bos planum","Cyprinus serpensis","Cyprinus serpensis","Plesiosaurus melodii","Amorphozodium amorphus","Vulpes alters","Vulpes alters","Vulpes alters (kantus, alolus)","Vulpes alters (kantus, alolus)","Unclassified","Ammonite velum","Ammonite velum","Kabutops maximus","Kabutops maximus","Pterasaurus predatum","Somnursus adiposum","","","","Serpenta maritius","Serpenta maritius","Serpenta maritius","","","Apatosaurus aroma","Apatosaurus aroma","Apatosaurus aroma","Melivora eruptis","Melivora eruptis","Melivora eruptis","Alligator mordetis","Alligator mordetis","Alligator mordetis","Mustela slenderis","Mustela slenderis","Bubo intelligensis","Bubo intelligensis","Coccinella constella","Coccinella constella","Myrmarachne facies","Myrmarachne facies","Desmodus cavus","Lantura lumens","Lantura lumens","Mus pikalis (kantus, alolus)","Unclassified","Lutens mollia","Libus fortuna","Libus fortuna","Pharomachrus divinus","Pharomachrus divinus","Ovis luxus","Ovis luxus","Ovis luxus","Ovis luxus","Oleocauda aquus","Oleocauda aquus","Petra arborealis","Hyla crocus","Taraxacum byssus","Taraxacum byssus","Taraxacum byssus","Cerbidus dexter","Helianthus apricum","Helianthus apricum","Meganeura ogrus","A","A","Vulpes alters","Vulpes alters","Corvus mafioso","Andrias tardus","Tractis hexus","Litterus alpha","Timens inlexis","Giraffa dualis","Psyche castrum","Psyche castrum","Boro miserabilis","Scorptera corvex","Petra vermis","Canis maxilla","Canis maxilla","Tetraodon nerus","Mantinae falces","Caenum amphora","Chalcosoma sucum","Mustela vila","Ursus luna","Ursus luna","Helix lavus","Helix lavus","Mammuthus tuskus","Mammuthus tuskus","Acropora tropis (var johtus, galarius)","Octopus artillus","Octopus artillus","Eudyptes holidens","Manta kitus","Vultur bramblis","Canis sulphurus","Canis sulphurus","Hippocampus vortex","Elephas volvo","Elephas volvo","Unclassified","Cervini virga","Canis pigmentum","Similis practicum","Similis practicum","Similis suava","Gorilla tridentum","Adiposa magmus","Bos lactis","","","","","Tyrannosaurus montem","Tyrannosaurus montem","Tyrannosaurus montem","","","","Gekko sylvus","Gekko sylvus","Gekko sylvus","Gallus cinis","Gallus cinis","Gallus cinis","Ambystoma lustrum","Ambystoma lustrum","Ambystoma lustrum","Hyaena cowardis","Hyaena cowardis","Procyon derectus (hoennius, galarius)","Procyon derectus (hoennius, galarius)","Papilio variabilis","Papilio variabilis","Papilio variabilis","Papilio variabilis","Papilio variabilis","Nymphaea saltadus","Nymphaea saltadus","Nymphaea saltadus","Quercus tengus","Quercus tengus","Quercus tengus","Hirundo barnus","Hirundo barnus","Pelecanus gapus","Pelecanus gapus","Fascinus sensus","Fascinus sensus","Fascinus sensus","Oculoptera pluvia","Oculoptera pluvia","Lentus sporum","Lentus sporum","Megatheridium loafus","Megatheridium loafus","Megatheridium loafus","Cicada subterra","Cicada subterra","Cicada subterra","Lauda volumnis","Lauda volumnis","Lauda volumnis","Similis palmus","Similis palmus","Oleocauda aquus","Petra boreas","Felis prima","Felis prima","Similis crystalis","Fascinus luris","Triceratops ferrum","Triceratops ferrum","Triceratops ferrum","Similis mentis","Similis mentis","Canis thundura","Canis thundura","Mus plusus","Mus plusus","Lampyris mica","Lampyris mica","Rosa persona","Venti sorbeus","Venti sorbeus","Carcharodon torpedus","Carcharodon torpedus","Balaena gigantica","Balaena gigantica","Camelus vulcans","Camelus vulcans","Testudo carbo","Sus glomera","Sus glomera","Ailurus vertigo","Myrmeleon desertii","Myrmeleon desertii","Myrmeleon desertii","Carnegiea effigus","Carnegiea effigus","Siala soprana","Siala soprana","Herpestes notos","Trimersurus rivalis","Unclassified","Unclassified","Silurus tremulus","Silurus tremulus","Astacus vexator","Astacus vexator","Lutum oculus","Lutum oculus","Actinocrinites crinis","Actinocrinites crinis","Anomalocaris terrestris","Anomalocaris terrestris","Regalecus puris","Regalecus puris","Unclassified","Chamaeleo chromata","Tela pupa","Tela pupa","Tela reapus","Tela reapus","Apatosaurus fructus","Sonus cano","Baijides disastrus","Timens inlexis","Crystacredis apex","Crystacredis apex","Odobenus glacius","Odobenus glacius","Odobenus glacius","Nemicthys abyssus","Nemicthys abyssus","Nemicthys abyssus","Latimeria anciens","Symphysodon amorus","Dracoaves avium","Dracoaves avium","Dracoaves avium","Magnus crux","Magnus crux","Magnus crux","","","","","","","","","","","Terrade firma","Terrade firma","Terrade firma","Pan occidentalis","Pan occidentalis","Pan occidentalis","Spenicus napoleonis","","","Lophaetus pecus","Lophaetus pecus","Lophaetus pecus","Castor industrus","Castor industrus","Gryllus stridulum","Gryllus stridulum","Panthera visio","Panthera visio","Panthera visio","Rosa persona","Rosa persona","Pachycephalosaur rampartus","Pachycephalosaur rampartus","Ceratops bastius","Ceratops bastius","Psyche pallus","Psyche pallus","Psyche pallus","Apis mella","Apis mella","Sciurus scampus","Mustela raftus","Mustela raftus","Prunus sakura","Prunus sakura","Hermissenda alternens (occidens, oriens)","Hermissenda alternens (occidens, oriens)","Cerbidus dexter","Membra vesica","Membra vesica","Lepus lectus","Lepus lectus","Tractis hexus","Corvus mafioso","Felis corsi","Felis corsi","Sonus cano","Mephitis odorus","Mephitis odorus","Sonus campana","Sonus campana","Petra arborealis","Similis mimus","Ova felicitas","Psitassus vocalis","Lapis malevolens","Sphyrna aeris","Sphyrna aeris","Sphyrna aeris","Somnursus adiposum","Canis aurus","Canis aurus","Hippopotas harena","Hippopotas harena","Scorpio vulgaris","Scorpio vulgaris","Dendrobates fraudator","Dendrobates fraudator","Dionaea cardo","Chaetodon paplius","Chaetodon paplius","Manta kitus","Abies yetus","Abies yetus","Mustela vila","Electricus patella","Adiposa lingua","Rhinoceros armatus","Hedera vitis","Gorilla tridentum","Adiposa magmus","Libus fortuna","Meganeura ogrus","Vulpes alters","Vulpes alters","Scorptera corvex","Mammuthus tuskus","Unclassified","Fascinus sensus","Petra boreas","Tela reapus","Crystacredis apex","Plasmidus habis","","","","","","","","","","Clione manaphus","","","","","","Colubra hederis","Colubra hederis","Colubra hederis","Sus pyrus","Sus pyrus","Sus pyrus","Otariinae conchae","Otariinae conchae","Otariinae conchae","Suricata inflorescens","Suricata inflorescens","Canis alpinus","Canis alpinus","Canis alpinus","Panthera limbra","Panthera limbra","Pan sagus","Pan sagus","Pan sagus","Pan sagus","Pan sagus","Pan sagus","Tapirus mistus","Tapirus mistus","Phasianus ornatus","Phasianus ornatus","Phasianus ornatus","Equus electricus","Equus electricus","Gemma pressura","Gemma pressura","Gemma pressura","Ectophylla cardius","Ectophylla cardius","Talpa drillus","Talpa drillus","Rosala stethos","Similis construs","Similis construs","Similis construs","Bufo verruca","Bufo verruca","Bufo verruca","Similis rufus","Similis rufus","Phillium matricia","Phillium matricia","Phillium matricia","Scolopendra centauri","Scolopendra centauri","Scolopendra centauri","Gossypium malum","Gossypium malum","Lilium bella","Lilium bella","Morone nemesis (scarlatinas, indigoticus)","Gavialis spectacalis","Gavialis spectacalis","Gavialis spectacalis","Pongo statua (unovus, galarius)","Pongo statua (unovus, galarius)","Opuntia cassa","Pagurus stratos","Pagurus stratos","Moulta pellis","Moulta pellis","Lutum nazcus","Aurum capulum (unovus, galarius)","Aurum capulum (unovus, galarius)","Archelon oceanis","Archelon oceanis","Archaeopteryx plumus","Archaeopteryx plumus","Cunicum refusus","Cunicum refusus","Vulpes illusis","Vulpes illusis","Chinchilla fascia","Chinchilla fascia","Similis fatum","Similis fatum","Similis fatum","Uniplasmidum homunculus","Uniplasmidum homunculus","Uniplasmidum homunculus","Cygnus albus","Cygnus albus","Glacies nix","Glacies nix","Glacies nix","Cervini vernum","Cervini vernum","Glaucomys glidum","Drilus chivalris","Drilus chivalris","Amanita shieldus","Amanita shieldus","Aurelia royalis","Aurelia royalis","Mola curata","Theraphosa electrotela","Theraphosa electrotela","Durio barbus","Durio barbus","Metalum machina","Metalum machina","Metalum machina","Petromyzon levitatus","Petromyzon levitatus","Petromyzon levitatus","Unclassified","Unclassified","Ceram linum","Ceram linum","Ceram linum","Draco gladium","Draco gladium","Draco gladium","Ursus articus","Ursus articus","Glacies hexagonus","Helix velox","Helix velox","Pleuronectes dolus (unovus, galarius)","Mustela trichis","Mustela trichis","Dracoaves caverna","Bolus signum","Bolus signum","Similis acutus","Similis acutus","Bison afros","Haliaeetus patrius","Haliaeetus patrius","Gyps ossum","Gyps ossum","Myrmecophaga furna","Formica durum","Dracoaves horribilis","Dracoaves horribilis","Dracoaves horribilis","Attacus solari","Attacus solari","","","","","","","","","","","","","Erinaceus castus","Erinaceus castus","Erinaceus castus","Vulpes mysticii","Vulpes mysticii","Vulpes mysticii","Cruziohyla swiftis","Cruziohyla swiftis","Cruziohyla swiftis","Lepus structor","Lepus structor","Falco machus","Falco machus","Falco machus","Aporia regula","Aporia regula","Aporia regula","Panthera nobilis","Panthera nobilis","Fascinus flora","Fascinus flora","Fascinus flora","Capra folius","Capra folius","Ailuropoda banchus","Ailuropoda banchus","Canis pampus","Felis restrictus","Felis restrictus","Ferreus bladus","Ferreus bladus","Ferreus bladus","Fragus perfuma","Fragus perfuma","Canis saccharum","Canis saccharum","Cerebrius imperius","Cerebrius imperius","Lepa corporis","Lepa corporis","Phyllopteryx algus","Phyllopteryx algus","Alpheus iactus","Alpheus iactus","Basiliscus helios","Basiliscus helios","Tyrannosaurus infans","Tyrannosaurus infans","Amargasaurus borealis","Amargasaurus borealis","Vulpes alters","Accipitrinae luchadora","Cricetus radi","Gemma carbuncula","Glaucus limus","Glaucus limus","Glaucus limus","Flexus clavis","Ligna nemus","Ligna nemus","Cucurbita candela","Cucurbita candela","Glacies dorsum","Glacies dorsum","Sonidae wyverii","Sonidae wyverii","","","","","","","Pulsatrix apollens","Pulsatrix apollens","Pulsatrix apollens","Panthera heela","Panthera heela","Panthera heela","Otariinae symphona","Otariinae symphona","Otariinae symphona","Ramphastos beccus","Ramphastos beccus","Ramphastos beccus","Herpestes inquisitor","Herpestes inquisitor","Lucanus voltus","Lucanus voltus","Lucanus voltus","Birgus hirsutum","Birgus hirsutum","Scirto venustus","Bombylinae cerinthus","Bombylinae cerinthus","Canis bestia (meridis, noctis, subludicus)","Canis bestia (meridis, noctis, subludicus)","Clupea vadis","Acanthaster voracia","Acanthaster voracia","Equus lutulata","Equus lutulata","Argyroneta bubblex","Argyroneta bubblex","Mantoludia siculus","Mantoludia siculus","Lentinula pulsata","Lentinula pulsata","Salamandra pherema","Salamandra pherema","Ursus ludibrium","Ursus ludibrium","Garcinia dulcis","Garcinia dulcis","Garcinia dulcis","Lera garlandus","Pongo magister","Lemur strikus","Bathynomus brutalis","Bathynomus brutalis","Pulva sabulum","Pulva sabulum","Ventricula pugnus","Unclassified","Unclassified","Petra meteora","Phascolarctos narcum","Chelus blastus","Erinaceus spiculorbis","Tractis desirata","Balistes garix","Draco senescens","Ligna anchora","Draco clangor","Draco clangor","Draco clangor","","","","","","","","","","","","","","","","","","","","","","","","","","Gorilla tympanum","Gorilla tympanum","Gorilla tympanum","Lepus calcitrus","Lepus calcitrus","Lepus calcitrus","Chamaeleo secretum","Chamaeleo secretum","Chamaeleo secretum","Tamias bucca","Tamias bucca","Corvus eques","Corvus eques","Corvus eques","Coccinella praedico","Coccinella praedico","Coccinella praedico","Vulpes obentus","Vulpes obentus","Gossypium texentes","Gossypium texentes","Ovis nigramaculus","Ovis nigramaculus","Macrochelys ammorsus","Macrochelys ammorsus","Canis curris","Canis curris","Carbo rotodeos","Carbo rotodeos","Carbo rotodeos","Draco pomum","Draco pomum","Draco pomum","Eunectes hariactus","Eunectes hariactus","Phalacrocorax devorum","Esox sagitta","Esox sagitta","Geophilus ignuitta","Geophilus ignuitta","Moloch venelectrus","Moloch venelectrus","Octopus capto","Octopus capto","Murrina thea","Murrina thea","Fascinus petasum","Fascinus petasum","Fascinus petasum","Fascinus kobalus","Fascinus kobalus","Fascinus kobalus","Procyon derectus (hoennius, galarius)","Felis urbana (kantus, alolus, galarius)","Acropora tropis (johtus, galarius)","Anas allium (kantus, galarius)","Similis mimus (kantus, galeries)","Aurum capulum (unovus, galarius)","Fascinus bellaria","Fascinus bellaria","Similis formatio","","Actias pruina","Actias pruina","Petra monumentum","Pygoscelis cubus","Rosala gracia","Cavia fames","Elephas ahenus","Elephas ahenus","Chimaerum reptoaves","Chimaerum reptoaves","Chimaerum reptoaves","Chimaerum reptoaves","Tyrannosaurus mechanicum","Diplocaulus furtivus","Diplocaulus furtivus","Diplocaulus furtivus","","","",